epoch,accuracy,loss,val_accuracy,val_loss
0,0.2571823000907898,4.699565887451172,0.3307170569896698,4.0968523025512695
1,0.34148770570755005,3.9903223514556885,0.34906136989593506,3.97076678276062
