{
  "accuracy": 0.345736026763916,
  "loss": 3.442016363143921,
  "val_accuracy": 0.35110825300216675,
  "val_loss": 3.435516595840454,
  "epoch": 3,
  "perplexity": 31.24990584268905,
  "val_perplexity": 31.047447405592077,
  "tokens_epoch": 164790272,
  "tokens_seen_total": 494370816,
  "epoch_time_sec": 2611.9567532539368
}