{
  "accuracy": 0.2707802951335907,
  "loss": 4.717165470123291,
  "val_accuracy": 0.29160985350608826,
  "val_loss": 4.610589981079102,
  "epoch": 3,
  "perplexity": 111.85075859020544,
  "val_perplexity": 100.54345087500869
}