{
  "accuracy": 0.30561959743499756,
  "loss": 4.5125932693481445,
  "val_accuracy": 0.3208075761795044,
  "val_loss": 4.441401958465576,
  "epoch": 10,
  "perplexity": 91.15790926670107,
  "val_perplexity": 84.8938759719691
}