{
  "accuracy": 0.29581448435783386,
  "loss": 4.571054458618164,
  "val_accuracy": 0.31123948097229004,
  "val_loss": 4.5006103515625,
  "epoch": 7,
  "perplexity": 96.64596523317397,
  "val_perplexity": 90.07209016767193
}