{
  "accuracy": 0.2904583215713501,
  "loss": 4.603341102600098,
  "val_accuracy": 0.3088579475879669,
  "val_loss": 4.512823581695557,
  "epoch": 5,
  "perplexity": 99.81725883656121,
  "val_perplexity": 91.17890647663499
}