{
  "accuracy": 0.2989462614059448,
  "loss": 4.552366256713867,
  "val_accuracy": 0.3150384724140167,
  "val_loss": 4.475794792175293,
  "epoch": 8,
  "perplexity": 94.85659802704807,
  "val_perplexity": 87.86440660822893
}