{
  "accuracy": 0.30755674839019775,
  "loss": 4.501152992248535,
  "val_accuracy": 0.32240667939186096,
  "val_loss": 4.4298319816589355,
  "epoch": 11,
  "perplexity": 90.12098021213708,
  "val_perplexity": 83.91731607746881
}