{
  "accuracy": 0.24445804953575134,
  "loss": 4.862565517425537,
  "val_accuracy": 0.27629056572914124,
  "val_loss": 4.696625232696533,
  "epoch": 2,
  "perplexity": 129.35564092043506,
  "val_perplexity": 109.57675172286801
}