{
  "accuracy": 0.27936914563179016,
  "loss": 4.6674275398254395,
  "val_accuracy": 0.30109259486198425,
  "val_loss": 4.559418201446533,
  "epoch": 4,
  "perplexity": 106.42361947569097,
  "val_perplexity": 95.52788567363389
}