{
  "accuracy": 0.30282062292099,
  "loss": 4.529151916503906,
  "val_accuracy": 0.31832969188690186,
  "val_loss": 4.457345962524414,
  "epoch": 9,
  "perplexity": 92.67992742600266,
  "val_perplexity": 86.25827234204631
}