{
  "accuracy": 0.30870771408081055,
  "loss": 4.49439811706543,
  "val_accuracy": 0.32361629605293274,
  "val_loss": 4.422677516937256,
  "epoch": 12,
  "perplexity": 89.51427565311792,
  "val_perplexity": 83.31907519849887
}