{
  "accuracy": 0.17564518749713898,
  "loss": 5.337540149688721,
  "val_accuracy": 0.2448192536830902,
  "val_loss": 4.872598171234131,
  "epoch": 1,
  "perplexity": 208.00043055782538,
  "val_perplexity": 130.65995320040903
}