{
  "accuracy": 0.29537832736968994,
  "loss": 4.574573993682861,
  "val_accuracy": 0.3122817575931549,
  "val_loss": 4.491744041442871,
  "epoch": 6,
  "perplexity": 96.98671338246265,
  "val_perplexity": 89.27701299203395
}