epoch,accuracy,loss,val_accuracy,val_loss
0,0.35445424914360046,3.3619577884674072,0.293509840965271,4.240361213684082
1,0.4101998805999756,2.927154064178467,0.3018694818019867,4.201725006103516
