{
  "accuracy": 0.2694547176361084,
  "loss": 4.739322185516357,
  "val_accuracy": 0.33105701208114624,
  "val_loss": 4.373325824737549,
  "epoch": 1,
  "perplexity": 114.35666280229168,
  "val_perplexity": 79.30695460541342
}