{
  "accuracy": 0.331159770488739,
  "loss": 4.346333980560303,
  "val_accuracy": 0.3457270860671997,
  "val_loss": 4.284402847290039,
  "epoch": 2,
  "perplexity": 77.19494538196406,
  "val_perplexity": 72.55920485437476
}