{
  "accuracy": 0.3662165701389313,
  "loss": 4.124019622802734,
  "val_accuracy": 0.36830466985702515,
  "val_loss": 4.144440650939941,
  "epoch": 12,
  "perplexity": 61.807185183016344,
  "val_perplexity": 63.08232699126889
}