{
  "accuracy": 0.36269545555114746,
  "loss": 4.146310329437256,
  "val_accuracy": 0.3656470477581024,
  "val_loss": 4.160250663757324,
  "epoch": 9,
  "perplexity": 63.20038098872522,
  "val_perplexity": 64.08758502157839
}