{
  "accuracy": 0.3655567169189453,
  "loss": 4.12821626663208,
  "val_accuracy": 0.36778464913368225,
  "val_loss": 4.147944450378418,
  "epoch": 11,
  "perplexity": 62.06711295598282,
  "val_perplexity": 63.30374248437964
}