{
  "accuracy": 0.3605538010597229,
  "loss": 4.1602606773376465,
  "val_accuracy": 0.3642851710319519,
  "val_loss": 4.170429706573486,
  "epoch": 8,
  "perplexity": 64.08822677097176,
  "val_perplexity": 64.74326673821659
}