{
  "accuracy": 0.35895097255706787,
  "loss": 4.170433044433594,
  "val_accuracy": 0.36228784918785095,
  "val_loss": 4.1817145347595215,
  "epoch": 7,
  "perplexity": 64.74348284254452,
  "val_perplexity": 65.47802137205632
}