{
  "accuracy": 0.36441177129745483,
  "loss": 4.135635852813721,
  "val_accuracy": 0.3670373857021332,
  "val_loss": 4.1526947021484375,
  "epoch": 10,
  "perplexity": 62.52933788799965,
  "val_perplexity": 63.60516655247151
}