{
  "accuracy": 0.35766345262527466,
  "loss": 4.179094314575195,
  "val_accuracy": 0.3622145354747772,
  "val_loss": 4.181752681732178,
  "epoch": 6,
  "perplexity": 65.30667911407886,
  "val_perplexity": 65.48051920798933
}