{
  "accuracy": 0.3549014925956726,
  "loss": 4.196344375610352,
  "val_accuracy": 0.360452264547348,
  "val_loss": 4.19265604019165,
  "epoch": 5,
  "perplexity": 66.44299590463116,
  "val_perplexity": 66.19838323360617
}