{
  "accuracy": 0.34418797492980957,
  "loss": 4.26540994644165,
  "val_accuracy": 0.35273659229278564,
  "val_loss": 4.24006462097168,
  "epoch": 3,
  "perplexity": 71.19409975977455,
  "val_perplexity": 69.41233718650541
}