{
  "accuracy": 0.34949514269828796,
  "loss": 4.230620861053467,
  "val_accuracy": 0.35667550563812256,
  "val_loss": 4.216708183288574,
  "epoch": 4,
  "perplexity": 68.759909273909,
  "val_perplexity": 67.80989873213498
}