{
  "accuracy": 0.32135719060897827,
  "loss": 4.132651329040527,
  "val_accuracy": 0.338991641998291,
  "val_loss": 4.0402374267578125,
  "epoch": 2,
  "perplexity": 62.342995802061914,
  "val_perplexity": 56.83983650161854,
  "tokens_epoch": 156868608,
  "tokens_seen_total": 313737216,
  "epoch_time_sec": 1824.1013731956482
}