{
  "accuracy": 0.40570974349975586,
  "loss": 3.4847564697265625,
  "val_accuracy": 0.39223387837409973,
  "val_loss": 3.640937566757202,
  "epoch": 14,
  "perplexity": 32.61448352855569,
  "val_perplexity": 38.12756711242773,
  "tokens_epoch": 164585472,
  "tokens_seen_total": 2304196608,
  "epoch_time_sec": 1792.9275393486023
}