{
  "accuracy": 0.3421156406402588,
  "loss": 3.448777437210083,
  "val_accuracy": 0.34903353452682495,
  "val_loss": 3.4249839782714844,
  "epoch": 6,
  "perplexity": 31.46190463283752,
  "val_perplexity": 30.722152625570985,
  "tokens_epoch": 151371776,
  "tokens_seen_total": 908230656,
  "epoch_time_sec": 2498.1972563266754
}