{
  "generated_at": "2025-12-28T20:00:34Z",
  "runs": [
    {
      "seed": 123,
      "eval_path": "versions/trilha2-lora/analysis/eval_trilha2_extrinsic.json",
      "manifest_path": "versions/trilha2-lora/analysis/extrinsic/canarim_extrinsic_manifest.json",
      "manifest_seed": 123,
      "qa": {
        "base": {
          "em": 0.035,
          "f1": 0.05972459784140614
        },
        "sft": {
          "em": 0.08,
          "f1": 0.10252882827916063
        }
      },
      "summarization": {
        "base": {
          "rouge_l_f1": 0.1568905813186211
        },
        "sft": {
          "rouge_l_f1": 0.20631902197430851
        }
      },
      "rewriting": {
        "base": {
          "rouge_l_f1": 0.1485889586307535
        },
        "sft": {
          "rouge_l_f1": 0.2787684020167345
        }
      },
      "cost": {
        "cost_usd_per_hour": 0.3,
        "total_duration_sec": 2236.7411699295044,
        "total_cost_usd": 0.18639509749412536
      }
    },
    {
      "seed": 456,
      "eval_path": "versions/trilha2-lora/analysis/eval_trilha2_extrinsic_seed456.json",
      "manifest_path": "versions/trilha2-lora/analysis/extrinsic_seed456/canarim_extrinsic_manifest.json",
      "manifest_seed": 456,
      "qa": {
        "base": {
          "em": 0.05,
          "f1": 0.08230249692989872
        },
        "sft": {
          "em": 0.08,
          "f1": 0.1034224593261769
        }
      },
      "summarization": {
        "base": {
          "rouge_l_f1": 0.14994329167616452
        },
        "sft": {
          "rouge_l_f1": 0.19237811087000664
        }
      },
      "rewriting": {
        "base": {
          "rouge_l_f1": 0.18249923808248297
        },
        "sft": {
          "rouge_l_f1": 0.28931909816452983
        }
      },
      "cost": {
        "cost_usd_per_hour": 0.3,
        "total_duration_sec": 2124.8624517917633,
        "total_cost_usd": 0.17707187098264693
      }
    },
    {
      "seed": 789,
      "eval_path": "versions/trilha2-lora/analysis/eval_trilha2_extrinsic_seed789.json",
      "manifest_path": "versions/trilha2-lora/analysis/extrinsic_seed789/canarim_extrinsic_manifest.json",
      "manifest_seed": 789,
      "qa": {
        "base": {
          "em": 0.025,
          "f1": 0.046984066129413964
        },
        "sft": {
          "em": 0.11,
          "f1": 0.13392927190571244
        }
      },
      "summarization": {
        "base": {
          "rouge_l_f1": 0.1542627845903876
        },
        "sft": {
          "rouge_l_f1": 0.21243246154543005
        }
      },
      "rewriting": {
        "base": {
          "rouge_l_f1": 0.18758171217621974
        },
        "sft": {
          "rouge_l_f1": 0.31830448054754135
        }
      },
      "cost": {
        "cost_usd_per_hour": 0.3,
        "total_duration_sec": 2169.5939152240753,
        "total_cost_usd": 0.18079949293533962
      }
    }
  ],
  "aggregate": {
    "qa": {
      "base": {
        "em": {
          "mean": 0.03666666666666667,
          "std": 0.012583057392117916
        },
        "f1": {
          "mean": 0.06300372030023961,
          "std": 0.01788609436481808
        }
      },
      "sft": {
        "em": {
          "mean": 0.09,
          "std": 0.017320508075688773
        },
        "f1": {
          "mean": 0.11329351983701666,
          "std": 0.017876670318953684
        }
      }
    },
    "summarization": {
      "base": {
        "rouge_l_f1": {
          "mean": 0.15369888586172442,
          "std": 0.0035078048229893167
        }
      },
      "sft": {
        "rouge_l_f1": {
          "mean": 0.20370986479658174,
          "std": 0.010278619612417625
        }
      }
    },
    "rewriting": {
      "base": {
        "rouge_l_f1": {
          "mean": 0.17288996962981873,
          "std": 0.02119816589733399
        }
      },
      "sft": {
        "rouge_l_f1": {
          "mean": 0.29546399357626857,
          "std": 0.02047181430929945
        }
      }
    },
    "cost": {
      "total_duration_sec_sum": 6531.197536945343,
      "total_duration_sec_mean": 2177.0658456484475,
      "total_cost_usd_sum": 0.5442664614121119,
      "total_cost_usd_mean": 0.1814221538040373
    }
  }
}