{
  "loss": 4.182479713332485,
  "perplexity": 65.52814292453378,
  "accuracy": 0.25039767413072184
}