{
  "loss": 3.4036478864113455,
  "perplexity": 30.07360529069977,
  "accuracy": 0.3678170598694823
}