{
  "accuracy": 0.34148770570755005,
  "loss": 3.9903223514556885,
  "val_accuracy": 0.34906136989593506,
  "val_loss": 3.97076678276062,
  "epoch": 2,
  "perplexity": 54.072316844335965,
  "val_perplexity": 53.0251740447667,
  "tokens_epoch": 156876800,
  "tokens_seen_total": 313753600,
  "epoch_time_sec": 1903.0043461322784
}